category,sum_LF_x_days,deviation_from_1.0,pct_deviation,winter_row_sum,summer_row_sum,summer_peak_row_sum,winter_peak_row_sum
HDVs,1.00000174,1.7400000000833415e-06,0.00017400000000833415,0.0026688,0.0028128600000000004,0.00279065,0.002553418
LDVs,1.0000012923,1.2922999998998819e-06,0.0001292299999899882,0.0025066446999999995,0.0029511194,0.0029585637000000002,0.0024985351999999997
aircraft,1.00000082,8.199999999014551e-07,8.199999999014551e-05,0.00266424,0.0028206200000000002,0.00279891,0.0025518349999999997
commercial-appliances,0.9999997059999999,-2.9400000012280714e-07,-2.9400000012280714e-05,0.0029882570000000002,0.0023591159999999996,0.002502728,0.003053575
commercial-cooling,1.000000886,8.860000000332491e-07,8.860000000332491e-05,0.0,0.00763895,0.01015363,0.0
commercial-envelope,0.0,-1.0,-100.0,0.0,0.0,0.0,0.0
commercial-heating,0.999998212,-1.7879999999470542e-06,-0.00017879999999470542,0.004835445,0.0,0.0,0.009277859999999999
commercial-lighting,1.000000319,3.1899999997087036e-07,3.1899999997087036e-05,0.002581372,0.00305183,0.00325667,0.002689035
commercial-other,1.000000319,3.1899999997087036e-07,3.1899999997087036e-05,0.002581372,0.00305183,0.00325667,0.002689035
district-heat-hydrogen,1.00000518,5.180000000049034e-06,0.0005180000000049034,0.002571562,0.00294287,0.00341545,0.0029174
geoeng,1.00000518,5.180000000049034e-06,0.0005180000000049034,0.002571562,0.00294287,0.00341545,0.0029174
industry,1.00000518,5.180000000049034e-06,0.0005180000000049034,0.002571562,0.00294287,0.00341545,0.0029174
motorbikes,1.0000012923,1.2922999998998819e-06,0.0001292299999899882,0.0025066446999999995,0.0029511194,0.0029585637000000002,0.0024985351999999997
rail,1.00000082,8.199999999014551e-07,8.199999999014551e-05,0.00266424,0.0028206200000000002,0.00279891,0.0025518349999999997
residential-appliances,0.999999309,-6.909999999971106e-07,-6.909999999971106e-05,0.0031017830000000003,0.0023806590000000002,0.00251222,0.003078616
residential-cooling,0.9999997830000001,-2.169999998580252e-07,-2.169999998580252e-05,0.0,0.00750197,0.00965007,0.0
residential-envelope,0.0,-1.0,-100.0,0.0,0.0,0.0,0.0
residential-heating,1.0000000560000002,5.600000019256868e-08,5.600000019256868e-06,0.0063744100000000005,0.0,0.0,0.01257905
residential-lighting,0.999999309,-6.909999999971106e-07,-6.909999999971106e-05,0.0031017830000000003,0.0023806590000000002,0.00251222,0.003078616
residential-other,0.999998952,-1.0480000000034906e-06,-0.00010480000000034906,0.00289341,0.0028668039999999997,0.0030837399999999997,0.00339528
ships,1.00000082,8.199999999014551e-07,8.199999999014551e-05,0.00266424,0.0028206200000000002,0.00279891,0.0025518349999999997
