category,max_main_LF_VA,max_peak_LF_VA,peak_to_main_ratio_VA,max_main_LF_USA,max_peak_LF_USA,peak_to_main_ratio_USA,VA_minus_USA_peak_ratio
HDVs,0.0001322435460879,0.0001540937889859,1.1652272911940558,0.00013146,0.0001316,1.0010649627263046,0.16416232846775114
LDVs,0.00032970905074,0.0003867382932213,1.1729683863797593,0.00031945,0.00036297,1.1362341524495227,0.03673423393023656
aircraft,0.0001324082006424,0.0001539849773953,1.1629564985266527,0.00013128,0.00013104,0.9981718464351005,0.16478465209155224
commercial-appliances,0.0001808085132449,0.0001993838798578,1.1027350221487646,0.00018065,0.00019208,1.0632715195128701,0.03946350263589449
commercial-cooling,0.0006023004827628,0.0010196783879802,1.6929728883876278,0.00054444,0.00071015,1.3043677907574756,0.3886050976301523
commercial-envelope,0.0,0.0,,0.0,0.0,,
commercial-heating,0.0005212978248043,0.0020185639431133,3.8721894607388534,0.00043561,0.0011953,2.743968228461238,1.1282212322776153
commercial-lighting,0.0001476291333352,0.0001675505367618,1.1349422229646728,0.00014924,0.00016189,1.0847627981774324,0.05017942478724047
commercial-other,0.0001476291333352,0.0001675505367618,1.1349422229646728,0.00014924,0.00016189,1.0847627981774324,0.05017942478724047
district-heat-hydrogen,0.0001269462067422,0.0001541191381556,1.2140507551248245,0.00013272,0.00015648,1.1790235081374323,0.035027246987392235
geoeng,0.0001269462067422,0.0001541191381556,1.2140507551248245,0.00013272,0.00015648,1.1790235081374323,0.035027246987392235
industry,0.0001269462067422,0.0001541191381556,1.2140507551248245,0.00013272,0.00015648,1.1790235081374323,0.035027246987392235
motorbikes,0.00032970905074,0.0003867382932213,1.1729683863797593,0.00031945,0.00036297,1.1362341524495227,0.03673423393023656
rail,0.0001324082006424,0.0001539849773953,1.1629564985266527,0.00013128,0.00013104,0.9981718464351005,0.16478465209155224
residential-appliances,0.0002073564257169,0.0002251910260559,1.0860093931371544,0.00020069,0.0002032,1.0125068513627984,0.073502541774356
residential-cooling,0.0006120488945342,0.0011020340417604,1.800565365940418,0.00056574,0.00070715,1.2499558100894403,0.5506095558509776
residential-envelope,0.0,0.0,,0.0,0.0,,
residential-heating,0.0005114347742267,0.0009237784263538,1.8062487591904017,0.00046455,0.00080882,1.7410827682703693,0.06516599092003239
residential-lighting,0.0002073564257169,0.0002251910260559,1.0860093931371544,0.00020069,0.0002032,1.0125068513627984,0.073502541774356
residential-other,0.0001641894758664,0.0001909270607421,1.162845911618941,0.00015849,0.00017966,1.1335730960943908,0.029272815524550078
ships,0.0001324082006424,0.0001539849773953,1.1629564985266527,0.00013128,0.00013104,0.9981718464351005,0.16478465209155224
