NREL HourID,Day,DayID,Hour,HourID,Month,Season,Season Daily Rank,Daily Max,EPS Timeslice Day,Total Load,other,space heating and cooling,water heating,clothes and dish washing/drying,other,space heating and cooling,water heating,machine drives,other,process heat,heavy-duty trucks,light-duty vehicles,medium-duty trucks,other,Heating,Cooling,Heating,Cooling,Summed Residential Appliances,Summed Industrial,Summed MDVs and HDVs,col32,col33,other,space heating and cooling,water heating,clothes and dish washing/drying,other,space heating and cooling,water heating,machine drives,other,process heat,heavy-duty trucks,light-duty vehicles,medium-duty trucks,other,Heating,Cooling,Heating,Cooling,Summed Residential Appliances,Summed Industrial,Summed MDVs and HDVs
1,1,Day1,0,Hour0,1,Winter,119,12349.016000200001,Winter,10760.830399100001,3528.840358,144.0757,25.6578,241.10935,2366.3526,1793.52,523.989,611.508,935.58825,553.387,0.732863,13.7247863,0.391702,21.9529898,144.0757,0.0,1793.52,0.0,765.09835,2100.48325,1.124565,,,0.00010078427306660012,2.3926134855391967e-05,7.289669729753249e-05,8.368160827563971e-05,0.00010492971105118355,0.00014706548661106868,9.80017348613342e-05,9.389402601438267e-05,7.501771121370318e-05,8.919370896499488e-05,0.00012634220676339652,4.5776850077168796e-05,0.00012755902670114736,0.00012610622151561647,8.656589064831109e-05,0.0,0.00025648880476100277,0.0,9.29871327183082e-05,8.339010440013456e-05,0.00012676339886818108
2,1,Day1,1,Hour1,1,Winter,2761,#N/A,Winter,10649.041261199998,3487.87946,148.3687,25.3955,93.35808,2293.91522,2166.58,324.026,606.791,927.60593,546.854,0.723533,5.4141042,0.381589,21.748145,148.3687,0.0,2166.58,0.0,417.38408000000004,2081.25093,1.105122,,,9.961442294296777e-05,2.463905797104712e-05,7.215147347861025e-05,3.240170603058668e-05,0.00010171766507261517,0.00017765575069238657,6.0602627421909e-05,9.316975401678028e-05,7.437766963924414e-05,8.814073428241596e-05,0.0001247337577229858,1.8057886720288674e-05,0.00012426569545180807,0.00012492951602080854,8.914528029245786e-05,0.0,0.0003098395973388049,0.0,5.0727267731617736e-05,8.262657287820655e-05,0.0001245717418592985
3,1,Day1,2,Hour2,1,Winter,2761,#N/A,Winter,10546.5609858,3464.960141,154.2566,25.6563,74.54263,2276.6877,2451.02,139.438,575.768,847.83289,509.039,0.723024,4.4704993,0.382345,21.7838565,154.2566,0.0,2451.02,0.0,213.98063,1932.6398900000002,1.105369,,,9.89598433445e-05,2.561684041052208e-05,7.289243562872432e-05,2.5871444485649144e-05,0.0001009537557990232,0.00020097933058647885,2.6079108350737737e-05,8.840632595198931e-05,6.798127584383341e-05,8.204579510872505e-05,0.00012464600846665474,1.4910642086003777e-05,0.00012451188930373138,0.00012513465629421472,9.268294353163137e-05,0.0,0.0003505169667722206,0.0,2.6006388905370403e-05,7.6726649543606e-05,0.00012459958423347912
4,1,Day1,3,Hour3,1,Winter,2761,#N/A,Winter,10630.46147,3420.875381,160.0185,26.719,59.76132,2246.1174,2709.91,156.829,549.611,790.78044,484.167,0.714006,3.1274414,0.376565,21.4544166,160.0185,0.0,2709.91,0.0,216.59032000000002,1824.5584399999998,1.090571,,,9.770077519769563e-05,2.6573698481822675e-05,7.591168592368677e-05,2.074130833281726e-05,9.95981958770792e-05,0.00022220785540289547,2.933174947674127e-05,8.439004809714814e-05,6.340667348202068e-05,7.803698042862351e-05,0.00012309134678965329,1.043108526162851e-05,0.00012262961355754518,0.00012324222973254963,9.61449014143729e-05,0.0,0.0003875404661837554,0.0,2.6323560665554756e-05,7.243576867168382e-05,0.00012293152167022013
5,1,Day1,4,Hour4,1,Winter,2761,#N/A,Winter,10797.479164939998,3424.698875,169.7478,29.6429,50.61431,2247.2605,2956.51,116.337,536.833,768.56081,474.418,0.705205,0.58361774,0.369625,21.1975222,169.7478,0.0,2956.51,0.0,166.95131,1779.8118100000002,1.07483,,,9.78099748282459e-05,2.8189408444353244e-05,8.421881487582824e-05,1.756666368418228e-05,9.964888365399909e-05,0.00024242862182774136,2.1758525138052584e-05,8.242804945704567e-05,6.162505022348217e-05,7.646565788454545e-05,0.00012157409491348454,1.946564500341698e-06,0.00012036958004914858,0.00012176653177943888,0.0001019906166868624,0.0,0.00042280638976089057,0.0,2.029062488563126e-05,7.065930787521988e-05,0.00012115716210755898
6,1,Day1,5,Hour5,1,Winter,2761,#N/A,Winter,11166.381983570001,3569.443024,196.2308,35.3372,43.52908,2330.6492,2972.04,175.663,545.831,789.57251,483.638,0.71661,1.83569657,0.375484,21.520379,196.2308,0.0,2972.04,0.0,219.19208,1819.04151,1.092094,,,0.00010194389202417043,3.258734528849382e-05,0.00010039696200540831,1.5107599191648865e-05,0.00010334653724794524,0.00024370205452270427,3.285427509155068e-05,8.380964781075064e-05,6.330981875569596e-05,7.795171736309707e-05,0.00012354026439964573,6.122675051928714e-06,0.0001222775824015543,0.00012362114254132347,0.00011790256076930809,0.0,0.00042502731349630375,0.0,2.663976864381165e-05,7.221674413594034e-05,0.00012310319752397355
7,1,Day1,6,Hour6,1,Winter,2761,#N/A,Winter,11659.587082400001,3543.543646,195.8758,39.8969,46.04294,2407.5757,3195.08,456.976,520.577,765.40226,463.388,0.677101,3.7724218,0.357152,20.4221616,195.8758,0.0,3195.08,0.0,503.01894,1749.36726,1.034253,,,0.00010120420144035313,3.252839171149462e-05,0.00011335158284848755,1.598008235242135e-05,0.00010675764150061614,0.000261990942371032,8.546828423877801e-05,7.993202113543778e-05,6.137179010424271e-05,7.468786655608291e-05,0.00011672909471716068,1.2582315191781403e-05,0.00011630770714565713,0.0001173125691771294,0.0001176892639317418,0.0,0.0004569239541882916,0.0,6.113500170743109e-05,6.945064591473287e-05,0.00011658323491271103
8,1,Day1,7,Hour7,1,Winter,2761,#N/A,Winter,12004.4905501,3763.898017,333.3212,46.9627,123.6055,2568.784,2291.02,1049.31,532.068,795.96389,470.911,0.691717,6.8482569,0.365002,20.7412672,333.3212,0.0,2291.02,0.0,1172.9155,1798.94289,1.056719,,,0.00010749755927047884,5.535345642159695e-05,0.0001334263158250056,4.289965126493263e-05,0.00011390600152864093,0.00018785961190044748,0.0001962525938661815,8.169640729707633e-05,6.382229494284029e-05,7.590040727811587e-05,0.00011924882581840854,2.2841275816530328e-05,0.0001188640851054429,0.0001191456316368256,0.0002002714305740928,0.0,0.0003276355889443957,0.0,0.00014255167229920286,7.141882012483545e-05,0.00011911565101935897
9,1,Day1,8,Hour8,1,Winter,2761,#N/A,Winter,12201.5955355,3661.095716,346.1749,48.6463,282.4357,2571.672,2002.4,1565.02,498.397,753.18186,439.964,0.644713,12.236683,0.339052,19.3876115,346.1749,0.0,2002.4,0.0,1847.4557,1691.54286,0.983765,,,0.00010456150829487421,5.748802428828614e-05,0.00013820961289529713,9.802470791968912e-05,0.00011403406232799763,0.00016419327935568263,0.0002927059062168962,7.652639194170849e-05,6.0391929104368106e-05,7.091243735591009e-05,0.00011114555264633314,4.0813517302840636e-05,0.00011041338344220204,0.00011136972470500182,0.00020799439835163057,0.0,0.00028636044351522817,0.0,0.00022453271316961405,6.715499192516874e-05,0.00011089211836359495
10,1,Day1,9,Hour9,1,Winter,2761,#N/A,Winter,11885.018761299998,3596.650215,286.8146,49.9098,446.4738,2541.4561,1784.89,1493.41,483.51,734.08527,426.978,0.623841,21.084281,0.329965,18.8028893,286.8146,0.0,1784.89,0.0,1939.8838,1644.57327,0.9538059999999999,,,0.00010272093396683095,4.763027212843876e-05,0.00014179935858804678,0.00015495726580879717,0.00011269421734625169,0.00014635784178444085,0.00027931267805099934,7.424056679260804e-05,5.8860718688048224e-05,6.881938221616263e-05,0.00010754731595057199,7.032327857242474e-05,0.00010745417242047294,0.00010801086069831884,0.00017232858351504856,0.0,0.0002552546404444145,0.0,0.00023576607160203134,6.529027864372195e-05,0.00010751507509202608
11,1,Day1,10,Hour10,1,Winter,2761,#N/A,Winter,11409.159692500001,3418.990512,193.4454,48.7376,549.9666,2422.5184,1886.71,1272.32,460.353,700.08798,409.687,0.599254,27.488571,0.318916,17.9364595,193.4454,0.0,1886.71,0.0,1822.2866,1570.1279800000002,0.9181699999999999,,,9.764694302261291e-05,3.212478389870909e-05,0.00013846900647008782,0.000190876420121764,0.00010742023641285557,0.00015470690276326408,0.00023796218489085212,7.068492408570142e-05,5.613473438537178e-05,6.603245657151662e-05,0.00010330863036037076,9.16837731384284e-05,0.00010385602973541905,0.00010303376239499201,0.00011622899172323158,0.0,0.00026981577725959655,0.0,0.00022147375683792103,6.233476804624478e-05,0.00010349810810295342
12,1,Day1,11,Hour11,1,Winter,2761,#N/A,Winter,11130.6440026,3489.727455,168.9699,50.3462,719.8088,2474.0877,1428.53,1124.94,473.863,720.60994,424.541,0.618066,35.7928,0.324747,18.4843946,168.9699,0.0,1428.53,0.0,1844.7488,1619.01394,0.942813,,,9.966720199041987e-05,2.806022538083865e-05,0.00014303922009997077,0.0002498234018504811,0.00010970694201544067,0.00011713694834097748,0.0002103976831859243,7.275931770189992e-05,5.778023438905307e-05,6.842659187459752e-05,0.00010655173254131457,0.00011938121320272123,0.0001057549137970128,0.00010618130747774797,0.00010152322623631923,0.0,0.00020429209167739155,0.0,0.00022420372687712606,6.427556205548088e-05,0.00010627592035774402
13,1,Day1,12,Hour12,1,Winter,2761,#N/A,Winter,10977.6483729,3512.334046,207.282,50.5146,747.8445,2476.3669,1235.99,1039.47,480.334,729.29619,432.801,0.626889,45.699695,0.331883,18.7566699,207.282,0.0,1235.99,0.0,1787.3145,1642.43119,0.958772,,,0.00010031285002470504,3.442257844379974e-05,0.0001435176634515015,0.0002595537273859004,0.00010980800717260611,0.00010134900686717448,0.000194412217310499,7.375290771599469e-05,5.847671876028157e-05,6.975792064822403e-05,0.00010807277711618525,0.00015242409177528254,0.0001080787753410932,0.00010774535909931938,0.00012454252136455502,0.0,0.0001767572136338328,0.0,0.00021722338130889532,6.520523713014004e-05,0.00010807485335186824
14,1,Day1,13,Hour13,1,Winter,2761,#N/A,Winter,10823.390777500003,3516.619082,202.8096,49.973,684.7468,2427.8198,1050.09,1168.65,484.201,732.89724,438.376,0.635093,47.259957,0.334819,18.9783865,202.8096,0.0,1050.09,0.0,1853.3968,1655.47424,0.969912,,,0.00010043523137226166,3.3679863013458216e-05,0.00014197891690049774,0.00023765446460536605,0.00010765531311704867,8.610553371884178e-05,0.00021857277050796526,7.43466664216823e-05,5.876545959148174e-05,7.065648698151312e-05,0.00010948710894121517,0.0001576280984602612,0.00010903489326337741,0.00010901898255234395,0.00012185534171291696,0.0,0.0001501719127701288,0.0,0.00022525477178363763,6.572305192404339e-05,0.00010933057824406347
15,1,Day1,14,Hour14,1,Winter,2761,#N/A,Winter,10712.7635674,3645.603692,212.3328,50.75,687.388,2538.851,959.896,822.01,505.276,762.20908,456.599,0.665883,50.884772,0.353161,19.9441794,212.3328,0.0,959.896,0.0,1509.3980000000001,1724.0840799999999,1.019044,,,0.00010411905348854367,3.526134668804643e-05,0.0001441864613431305,0.0002385711435470065,0.00011257870100677658,7.870978429904232e-05,0.00015374064355046636,7.758262833592237e-05,6.111575326849432e-05,7.359363035219061e-05,0.00011479516316996594,0.00016971809455823124,0.00011500802505170743,0.0001145668598344447,0.00012757722465238556,0.0,0.00013727339407136109,0.0,0.00018344647083704855,6.844689260236182e-05,0.00011486884354059278
16,1,Day1,15,Hour15,1,Winter,2761,#N/A,Winter,10700.1593326,3619.867054,208.6662,48.6753,802.7026,2597.2396,933.055,711.741,500.513,751.31328,451.491,0.665663,53.87511,0.357385,19.9971406,208.6662,0.0,933.055,0.0,1514.4436,1703.31728,1.023048,,,0.0001033840107864481,3.4652447574172406e-05,0.00013829200515892178,0.0002785932795017593,0.00011516779061526651,7.650886949121876e-05,0.000133117017288418,7.685129326605165e-05,6.0242101875542064e-05,7.277033405973488e-05,0.00011475723618294661,0.00017969189315253508,0.00011638358435134249,0.00011487108886565089,0.00012537419878021493,0.0,0.00013343489993213203,0.0,0.00018405969379961735,6.762244155279658e-05,0.00011532018307994194
17,1,Day1,16,Hour16,1,Winter,2761,#N/A,Winter,11228.627438499998,3722.725417,227.1127,47.5254,719.5296,2943.7203,859.424,895.515,509.393,760.07219,459.979,0.689803,61.943205,0.36903,20.6287935,227.1127,0.0,859.424,0.0,1615.0446,1729.44419,1.0588330000000001,,,0.00010632166290218472,3.7715791681540874e-05,0.00013502500985057762,0.0002497265001540908,0.00013053157018717468,7.047125695014891e-05,0.00016748829382744234,7.821477330393785e-05,6.0944412299948114e-05,7.413841137578111e-05,0.00011891886103134037,0.00020660174567412628,0.00012017581636939412,0.0001184995404457806,0.00013645752304547318,0.0,0.00012290503286437846,0.0,0.00019628635529822666,6.865969131546568e-05,0.00011935394567125315
18,1,Day1,17,Hour17,1,Winter,2761,#N/A,Winter,12182.835141700001,3755.942316,251.6278,44.3736,674.1992,3543.1805,1024.62,1106.98,502.55,746.65375,454.16,0.685329,56.962969,0.36858,20.5310977,251.6278,0.0,1024.62,0.0,1781.1792,1703.36375,1.053909,,,0.00010727034311426975,4.178692642940897e-05,0.00012607039135084799,0.0002339937184275503,0.0001571130633985772,8.401703850050916e-05,0.00020703862191152815,7.716406453149919e-05,5.986848957768391e-05,7.320051765499023e-05,0.00011814756403168363,0.0001899909575906048,0.00012002927240991595,0.0001179383390646391,0.000151187081644407,0.0,0.00014652948343716192,0.0,0.0002164777203682246,6.762428643213635e-05,0.0001187989017422433
19,1,Day1,18,Hour18,1,Winter,2761,#N/A,Winter,12349.016000200001,3975.70154,189.9939,43.7176,698.771,3705.3134,743.039,1104.93,531.849,786.80447,475.476,0.724601,70.586769,0.384769,21.7239512,189.9939,0.0,743.039,0.0,1803.701,1794.1294700000003,1.1093700000000002,,,0.00011354670344615874,3.155160567050416e-05,0.00012420662152540772,0.00024252183126194417,0.00016430242239304422,6.092789157968791e-05,0.0002066552101290943,8.166278093127712e-05,6.308787066544581e-05,7.663618401559832e-05,0.00012491787600542512,0.0002354309838649179,0.00012530127276545378,0.00012479053774359434,0.00011415520570954123,0.0,0.00010626097562380724,0.0,0.00021921493396390832,7.122772524401616e-05,0.00012505058560634028
20,1,Day1,19,Hour19,1,Winter,2761,#N/A,Winter,12174.2804228,3869.643398,112.2729,40.0915,879.4248,3354.7016,784.977,1277.4,524.561,772.362254,468.09,0.714091,68.206785,0.379188,21.4559068,112.2729,0.0,784.977,0.0,2156.8248000000003,1765.013254,1.0932790000000001,,,0.00011051766510498473,1.8644757901616557e-05,0.00011390446334853432,0.0003052211854143475,0.00014875546000665458,6.43667338437803e-05,0.00023891229799073704,8.054374461189484e-05,6.192985912653014e-05,7.54457246545807e-05,0.0001231060003982744,0.0002274929243299537,0.00012348380201468125,0.00012325079000124263,6.745761835041417e-05,0.0,0.00011225847076970297,0.0,0.00026213225257607544,7.007179872473689e-05,0.000123236773286743
