family,file_name,status,source_column,note,output_path
SHELF,SHELF-days-per-timeslice.csv,generated,,generated from clustered timeslice day counts,C:\Users\RobbieOrvis\Models\Global Electricity File Creator\output\SouthKorea_timeslice_results_EPS\SHELF\SHELF-days-per-timeslice.csv
SHELF,SHELF-residential-heating.csv,generated,"{""mode"": ""direct"", ""column"": ""residential_heating_load_factor""}",generated from residential_heating_load_factor,C:\Users\RobbieOrvis\Models\Global Electricity File Creator\output\SouthKorea_timeslice_results_EPS\SHELF\SHELF-residential-heating.csv
SHELF,SHELF-residential-cooling.csv,generated,"{""mode"": ""direct"", ""column"": ""residential_cooling_load_factor""}",generated from residential_cooling_load_factor,C:\Users\RobbieOrvis\Models\Global Electricity File Creator\output\SouthKorea_timeslice_results_EPS\SHELF\SHELF-residential-cooling.csv
SHELF,SHELF-residential-envelope.csv,generated,"{""mode"": ""zeros""}",generated as explicit zero table,C:\Users\RobbieOrvis\Models\Global Electricity File Creator\output\SouthKorea_timeslice_results_EPS\SHELF\SHELF-residential-envelope.csv
SHELF,SHELF-residential-lighting.csv,generated,"{""mode"": ""direct"", ""column"": ""residential_lighting_load_factor""}",generated from residential_lighting_load_factor,C:\Users\RobbieOrvis\Models\Global Electricity File Creator\output\SouthKorea_timeslice_results_EPS\SHELF\SHELF-residential-lighting.csv
SHELF,SHELF-residential-appliances.csv,generated,"{""mode"": ""template_split"", ""aggregate_columns"": [""residential_waterheating_load_factor"", ""residential_other_load_factor""], ""peer_files"": [""SHELF-residential-appliances"", ""SHELF-residential-other""]}","generated from template-weighted split of residential_waterheating_load_factor, residential_other_load_factor across SHELF-residential-appliances, SHELF-residential-other",C:\Users\RobbieOrvis\Models\Global Electricity File Creator\output\SouthKorea_timeslice_results_EPS\SHELF\SHELF-residential-appliances.csv
SHELF,SHELF-residential-other.csv,generated,"{""mode"": ""template_split"", ""aggregate_columns"": [""residential_waterheating_load_factor"", ""residential_other_load_factor""], ""peer_files"": [""SHELF-residential-appliances"", ""SHELF-residential-other""]}","generated from template-weighted split of residential_waterheating_load_factor, residential_other_load_factor across SHELF-residential-appliances, SHELF-residential-other",C:\Users\RobbieOrvis\Models\Global Electricity File Creator\output\SouthKorea_timeslice_results_EPS\SHELF\SHELF-residential-other.csv
SHELF,SHELF-commercial-heating.csv,generated,"{""mode"": ""direct"", ""column"": ""service_heating_load_factor""}",generated from service_heating_load_factor,C:\Users\RobbieOrvis\Models\Global Electricity File Creator\output\SouthKorea_timeslice_results_EPS\SHELF\SHELF-commercial-heating.csv
SHELF,SHELF-commercial-cooling.csv,generated,"{""mode"": ""direct"", ""column"": ""service_cooling_load_factor""}",generated from service_cooling_load_factor,C:\Users\RobbieOrvis\Models\Global Electricity File Creator\output\SouthKorea_timeslice_results_EPS\SHELF\SHELF-commercial-cooling.csv
SHELF,SHELF-commercial-envelope.csv,generated,"{""mode"": ""zeros""}",generated as explicit zero table,C:\Users\RobbieOrvis\Models\Global Electricity File Creator\output\SouthKorea_timeslice_results_EPS\SHELF\SHELF-commercial-envelope.csv
SHELF,SHELF-commercial-lighting.csv,generated,"{""mode"": ""template_split"", ""aggregate_columns"": [""service_waterheating_load_factor"", ""service_other_load_factor""], ""peer_files"": [""SHELF-commercial-lighting"", ""SHELF-commercial-appliances"", ""SHELF-commercial-other""]}","generated from template-weighted split of service_waterheating_load_factor, service_other_load_factor across SHELF-commercial-lighting, SHELF-commercial-appliances, SHELF-commercial-other",C:\Users\RobbieOrvis\Models\Global Electricity File Creator\output\SouthKorea_timeslice_results_EPS\SHELF\SHELF-commercial-lighting.csv
SHELF,SHELF-commercial-appliances.csv,generated,"{""mode"": ""template_split"", ""aggregate_columns"": [""service_waterheating_load_factor"", ""service_other_load_factor""], ""peer_files"": [""SHELF-commercial-lighting"", ""SHELF-commercial-appliances"", ""SHELF-commercial-other""]}","generated from template-weighted split of service_waterheating_load_factor, service_other_load_factor across SHELF-commercial-lighting, SHELF-commercial-appliances, SHELF-commercial-other",C:\Users\RobbieOrvis\Models\Global Electricity File Creator\output\SouthKorea_timeslice_results_EPS\SHELF\SHELF-commercial-appliances.csv
SHELF,SHELF-commercial-other.csv,generated,"{""mode"": ""template_split"", ""aggregate_columns"": [""service_waterheating_load_factor"", ""service_other_load_factor""], ""peer_files"": [""SHELF-commercial-lighting"", ""SHELF-commercial-appliances"", ""SHELF-commercial-other""]}","generated from template-weighted split of service_waterheating_load_factor, service_other_load_factor across SHELF-commercial-lighting, SHELF-commercial-appliances, SHELF-commercial-other",C:\Users\RobbieOrvis\Models\Global Electricity File Creator\output\SouthKorea_timeslice_results_EPS\SHELF\SHELF-commercial-other.csv
SHELF,SHELF-LDVs.csv,generated,"{""mode"": ""template_split"", ""aggregate_columns"": [""transport_total_load_factor""], ""peer_files"": [""SHELF-LDVs"", ""SHELF-HDVs"", ""SHELF-aircraft"", ""SHELF-rail"", ""SHELF-ships"", ""SHELF-motorbikes""]}","generated from template-weighted split of transport_total_load_factor across SHELF-LDVs, SHELF-HDVs, SHELF-aircraft, SHELF-rail, SHELF-ships, SHELF-motorbikes",C:\Users\RobbieOrvis\Models\Global Electricity File Creator\output\SouthKorea_timeslice_results_EPS\SHELF\SHELF-LDVs.csv
SHELF,SHELF-HDVs.csv,generated,"{""mode"": ""template_split"", ""aggregate_columns"": [""transport_total_load_factor""], ""peer_files"": [""SHELF-LDVs"", ""SHELF-HDVs"", ""SHELF-aircraft"", ""SHELF-rail"", ""SHELF-ships"", ""SHELF-motorbikes""]}","generated from template-weighted split of transport_total_load_factor across SHELF-LDVs, SHELF-HDVs, SHELF-aircraft, SHELF-rail, SHELF-ships, SHELF-motorbikes",C:\Users\RobbieOrvis\Models\Global Electricity File Creator\output\SouthKorea_timeslice_results_EPS\SHELF\SHELF-HDVs.csv
SHELF,SHELF-aircraft.csv,generated,"{""mode"": ""template_split"", ""aggregate_columns"": [""transport_total_load_factor""], ""peer_files"": [""SHELF-LDVs"", ""SHELF-HDVs"", ""SHELF-aircraft"", ""SHELF-rail"", ""SHELF-ships"", ""SHELF-motorbikes""]}","generated from template-weighted split of transport_total_load_factor across SHELF-LDVs, SHELF-HDVs, SHELF-aircraft, SHELF-rail, SHELF-ships, SHELF-motorbikes",C:\Users\RobbieOrvis\Models\Global Electricity File Creator\output\SouthKorea_timeslice_results_EPS\SHELF\SHELF-aircraft.csv
SHELF,SHELF-rail.csv,generated,"{""mode"": ""template_split"", ""aggregate_columns"": [""transport_total_load_factor""], ""peer_files"": [""SHELF-LDVs"", ""SHELF-HDVs"", ""SHELF-aircraft"", ""SHELF-rail"", ""SHELF-ships"", ""SHELF-motorbikes""]}","generated from template-weighted split of transport_total_load_factor across SHELF-LDVs, SHELF-HDVs, SHELF-aircraft, SHELF-rail, SHELF-ships, SHELF-motorbikes",C:\Users\RobbieOrvis\Models\Global Electricity File Creator\output\SouthKorea_timeslice_results_EPS\SHELF\SHELF-rail.csv
SHELF,SHELF-ships.csv,generated,"{""mode"": ""template_split"", ""aggregate_columns"": [""transport_total_load_factor""], ""peer_files"": [""SHELF-LDVs"", ""SHELF-HDVs"", ""SHELF-aircraft"", ""SHELF-rail"", ""SHELF-ships"", ""SHELF-motorbikes""]}","generated from template-weighted split of transport_total_load_factor across SHELF-LDVs, SHELF-HDVs, SHELF-aircraft, SHELF-rail, SHELF-ships, SHELF-motorbikes",C:\Users\RobbieOrvis\Models\Global Electricity File Creator\output\SouthKorea_timeslice_results_EPS\SHELF\SHELF-ships.csv
SHELF,SHELF-motorbikes.csv,generated,"{""mode"": ""template_split"", ""aggregate_columns"": [""transport_total_load_factor""], ""peer_files"": [""SHELF-LDVs"", ""SHELF-HDVs"", ""SHELF-aircraft"", ""SHELF-rail"", ""SHELF-ships"", ""SHELF-motorbikes""]}","generated from template-weighted split of transport_total_load_factor across SHELF-LDVs, SHELF-HDVs, SHELF-aircraft, SHELF-rail, SHELF-ships, SHELF-motorbikes",C:\Users\RobbieOrvis\Models\Global Electricity File Creator\output\SouthKorea_timeslice_results_EPS\SHELF\SHELF-motorbikes.csv
SHELF,SHELF-industry.csv,generated,"{""mode"": ""direct"", ""column"": ""industry_total_load_factor""}",generated from industry_total_load_factor,C:\Users\RobbieOrvis\Models\Global Electricity File Creator\output\SouthKorea_timeslice_results_EPS\SHELF\SHELF-industry.csv
SHELF,SHELF-district-heat-hydrogen.csv,generated,"{""mode"": ""direct"", ""column"": ""industry_total_load_factor""}",generated from industry_total_load_factor,C:\Users\RobbieOrvis\Models\Global Electricity File Creator\output\SouthKorea_timeslice_results_EPS\SHELF\SHELF-district-heat-hydrogen.csv
SHELF,SHELF-geoeng.csv,generated,"{""mode"": ""direct"", ""column"": ""industry_total_load_factor""}",generated from industry_total_load_factor,C:\Users\RobbieOrvis\Models\Global Electricity File Creator\output\SouthKorea_timeslice_results_EPS\SHELF\SHELF-geoeng.csv
SHELF,SHELF-datacenters.csv,generated,"{""mode"": ""uniform_annual_share""}",generated as a uniform 1/8760 annual-share table,C:\Users\RobbieOrvis\Models\Global Electricity File Creator\output\SouthKorea_timeslice_results_EPS\SHELF\SHELF-datacenters.csv
SYSHECF,SYSHECF-hard-coal.csv,template_copy,,copied unchanged from EPS template,C:\Users\RobbieOrvis\Models\Global Electricity File Creator\output\SouthKorea_timeslice_results_EPS\SYSHECF\SYSHECF-hard-coal.csv
SYSHECF,SYSHECF-steam-turbine.csv,template_copy,,copied unchanged from EPS template,C:\Users\RobbieOrvis\Models\Global Electricity File Creator\output\SouthKorea_timeslice_results_EPS\SYSHECF\SYSHECF-steam-turbine.csv
SYSHECF,SYSHECF-combined-cycle.csv,template_copy,,copied unchanged from EPS template,C:\Users\RobbieOrvis\Models\Global Electricity File Creator\output\SouthKorea_timeslice_results_EPS\SYSHECF\SYSHECF-combined-cycle.csv
SYSHECF,SYSHECF-nuclear.csv,template_copy,,copied unchanged from EPS template,C:\Users\RobbieOrvis\Models\Global Electricity File Creator\output\SouthKorea_timeslice_results_EPS\SYSHECF\SYSHECF-nuclear.csv
SYSHECF,SYSHECF-hydro.csv,template_copy,,copied unchanged from EPS template,C:\Users\RobbieOrvis\Models\Global Electricity File Creator\output\SouthKorea_timeslice_results_EPS\SYSHECF\SYSHECF-hydro.csv
SYSHECF,SYSHECF-onshore-wind.csv,generated,"{""mode"": ""direct"", ""column"": ""wind_cf""}",generated from wind_cf,C:\Users\RobbieOrvis\Models\Global Electricity File Creator\output\SouthKorea_timeslice_results_EPS\SYSHECF\SYSHECF-onshore-wind.csv
SYSHECF,SYSHECF-solar-pv.csv,generated,"{""mode"": ""direct"", ""column"": ""solar_cf""}",generated from solar_cf,C:\Users\RobbieOrvis\Models\Global Electricity File Creator\output\SouthKorea_timeslice_results_EPS\SYSHECF\SYSHECF-solar-pv.csv
SYSHECF,SYSHECF-solar-thermal.csv,template_copy,,copied unchanged from EPS template,C:\Users\RobbieOrvis\Models\Global Electricity File Creator\output\SouthKorea_timeslice_results_EPS\SYSHECF\SYSHECF-solar-thermal.csv
SYSHECF,SYSHECF-biomass.csv,template_copy,,copied unchanged from EPS template,C:\Users\RobbieOrvis\Models\Global Electricity File Creator\output\SouthKorea_timeslice_results_EPS\SYSHECF\SYSHECF-biomass.csv
SYSHECF,SYSHECF-geothermal.csv,template_copy,,copied unchanged from EPS template,C:\Users\RobbieOrvis\Models\Global Electricity File Creator\output\SouthKorea_timeslice_results_EPS\SYSHECF\SYSHECF-geothermal.csv
SYSHECF,SYSHECF-petroleum.csv,template_copy,,copied unchanged from EPS template,C:\Users\RobbieOrvis\Models\Global Electricity File Creator\output\SouthKorea_timeslice_results_EPS\SYSHECF\SYSHECF-petroleum.csv
SYSHECF,SYSHECF-natural-gas-peaker.csv,template_copy,,copied unchanged from EPS template,C:\Users\RobbieOrvis\Models\Global Electricity File Creator\output\SouthKorea_timeslice_results_EPS\SYSHECF\SYSHECF-natural-gas-peaker.csv
SYSHECF,SYSHECF-offshore-wind.csv,generated,"{""mode"": ""direct"", ""column"": ""wind_cf""}",generated from wind_cf,C:\Users\RobbieOrvis\Models\Global Electricity File Creator\output\SouthKorea_timeslice_results_EPS\SYSHECF\SYSHECF-offshore-wind.csv
SYSHECF,SYSHECF-lignite.csv,template_copy,,copied unchanged from EPS template,C:\Users\RobbieOrvis\Models\Global Electricity File Creator\output\SouthKorea_timeslice_results_EPS\SYSHECF\SYSHECF-lignite.csv
SYSHECF,SYSHECF-MSW.csv,template_copy,,copied unchanged from EPS template,C:\Users\RobbieOrvis\Models\Global Electricity File Creator\output\SouthKorea_timeslice_results_EPS\SYSHECF\SYSHECF-MSW.csv
SYSHECF,SYSHECF-crude-oil.csv,template_copy,,copied unchanged from EPS template,C:\Users\RobbieOrvis\Models\Global Electricity File Creator\output\SouthKorea_timeslice_results_EPS\SYSHECF\SYSHECF-crude-oil.csv
SYSHECF,SYSHECF-heavy-or-residual-oil.csv,template_copy,,copied unchanged from EPS template,C:\Users\RobbieOrvis\Models\Global Electricity File Creator\output\SouthKorea_timeslice_results_EPS\SYSHECF\SYSHECF-heavy-or-residual-oil.csv
SYSHECF,SYSHECF-hard-coal-CCS.csv,template_copy,,copied unchanged from EPS template,C:\Users\RobbieOrvis\Models\Global Electricity File Creator\output\SouthKorea_timeslice_results_EPS\SYSHECF\SYSHECF-hard-coal-CCS.csv
SYSHECF,SYSHECF-combined-cycle-CCS.csv,template_copy,,copied unchanged from EPS template,C:\Users\RobbieOrvis\Models\Global Electricity File Creator\output\SouthKorea_timeslice_results_EPS\SYSHECF\SYSHECF-combined-cycle-CCS.csv
SYSHECF,SYSHECF-biomass-CCS.csv,template_copy,,copied unchanged from EPS template,C:\Users\RobbieOrvis\Models\Global Electricity File Creator\output\SouthKorea_timeslice_results_EPS\SYSHECF\SYSHECF-biomass-CCS.csv
SYSHECF,SYSHECF-lignite-CCS.csv,template_copy,,copied unchanged from EPS template,C:\Users\RobbieOrvis\Models\Global Electricity File Creator\output\SouthKorea_timeslice_results_EPS\SYSHECF\SYSHECF-lignite-CCS.csv
SYSHECF,SYSHECF-SMR.csv,template_copy,,copied unchanged from EPS template,C:\Users\RobbieOrvis\Models\Global Electricity File Creator\output\SouthKorea_timeslice_results_EPS\SYSHECF\SYSHECF-SMR.csv
SYSHECF,SYSHECF-hydrogen-CT.csv,template_copy,,copied unchanged from EPS template,C:\Users\RobbieOrvis\Models\Global Electricity File Creator\output\SouthKorea_timeslice_results_EPS\SYSHECF\SYSHECF-hydrogen-CT.csv
SYSHECF,SYSHECF-hydrogen-CC.csv,template_copy,,copied unchanged from EPS template,C:\Users\RobbieOrvis\Models\Global Electricity File Creator\output\SouthKorea_timeslice_results_EPS\SYSHECF\SYSHECF-hydrogen-CC.csv
SYSHECF,SYSHECF-solar-pv-dist.csv,generated,"{""mode"": ""direct"", ""column"": ""solar_cf"", ""multiplier"": 0.7}",generated from solar_cf with multiplier 0.700,C:\Users\RobbieOrvis\Models\Global Electricity File Creator\output\SouthKorea_timeslice_results_EPS\SYSHECF\SYSHECF-solar-pv-dist.csv
SYSHECF,SYSHECF-pumped-hydro.csv,template_copy,,copied unchanged from EPS template,C:\Users\RobbieOrvis\Models\Global Electricity File Creator\output\SouthKorea_timeslice_results_EPS\SYSHECF\SYSHECF-pumped-hydro.csv
